Workbook

Sheet Builder
A1: Builder Instructions | B1: 1) Fill inputs in column C. 2) For skills, pick skill name in C and value in D (20 rows). 3) For spells, pick spell names in the 20 spell rows. 4) Copy the generated block from the Output sheet into npcdesc.cfg. | H1: NpcTemplate Output
A2: HP Guidance | B2: STR is the base strength stat. CProp.BaseStrmod is an extra strength modifier applied by shard setup scripts after spawn. If HITS is filled, npcdesc can set a direct HP value from that field. If HITS is blank and CustomHitsLevel is not set, HP commonly follows the strength-based path, so STR plus BaseStrmod usually drives final max HP. If CProp.CustomHitsLevel exists, shard scripts treat it as the HP override and commonly read it in hundredths, so i30000 behaves like 300 HP. Use HITS for fixed HP, use STR plus BaseStrmod for stat-driven HP, and use CustomHitsLevel when you want an explicit override. | H2: ="NpcTemplate "&SUBSTITUTE(TRIM(C7)," ","") -> NpcTemplate
A3: Template Id | B3: NpcTemplateID is the first row under Identity. Keep it short and do not include spaces. | H3: {
H4: =IF($G7="","",$G7)
H5: =IF($G8="","",$G8)
A6: Group | B6: Key | C6: Value | D6: Skill Value | E6: What It Does | F6: Example | G6: Output Line | H6: =IF($G9="","",$G9)
A7: Identity | B7: NpcTemplateID | E7: Builder-only template id written after NpcTemplate. Use letters/numbers and no spaces. | F7: etherealhorse | G7: =IF(OR(B7="NpcTemplateID",C7=""),"",IF(B7="spell"," spell"&REPT(" ",MAX(1,24-LEN("spell")))&C7,IF(LEFT(B7,6)="CProp."," CProp"&REPT(" ",MAX(1,24-LEN("CProp")))&MID(B7,7,200)&REPT(" ",MAX(1,24-LEN(MID(B7,7,200))))&C7," "&B7&REPT(" ",MAX(1,24-LEN(B7)))&C7))) | H7: =IF($G10="","",$G10)
A8: Identity | B8: Name | E8: Display name for NPC; can use <random> tokens where supported. | F8: a dragon | G8: =IF(OR(B8="NpcTemplateID",C8=""),"",IF(B8="spell"," spell"&REPT(" ",MAX(1,24-LEN("spell")))&C8,IF(LEFT(B8,6)="CProp."," CProp"&REPT(" ",MAX(1,24-LEN("CProp")))&MID(B8,7,200)&REPT(" ",MAX(1,24-LEN(MID(B8,7,200))))&C8," "&B8&REPT(" ",MAX(1,24-LEN(B8)))&C8))) | H8: =IF($G11="","",$G11)
A9: Identity | B9: script | E9: AI/behavior script attached to NPC. | F9: killpcs | G9: =IF(OR(B9="NpcTemplateID",C9=""),"",IF(B9="spell"," spell"&REPT(" ",MAX(1,24-LEN("spell")))&C9,IF(LEFT(B9,6)="CProp."," CProp"&REPT(" ",MAX(1,24-LEN("CProp")))&MID(B9,7,200)&REPT(" ",MAX(1,24-LEN(MID(B9,7,200))))&C9," "&B9&REPT(" ",MAX(1,24-LEN(B9)))&C9))) | H9: =IF($G12="","",$G12)
A10: Identity | B10: objtype | E10: Body/object type ID (hex or decimal). | F10: 0x3b | G10: =IF(OR(B10="NpcTemplateID",C10=""),"",IF(B10="spell"," spell"&REPT(" ",MAX(1,24-LEN("spell")))&C10,IF(LEFT(B10,6)="CProp."," CProp"&REPT(" ",MAX(1,24-LEN("CProp")))&MID(B10,7,200)&REPT(" ",MAX(1,24-LEN(MID(B10,7,200))))&C10," "&B10&REPT(" ",MAX(1,24-LEN(B10)))&C10))) | H10: =IF($G13="","",$G13)
A11: Identity | B11: Color | E11: Hue override for body/equipment visuals. | F11: 0 | G11: =IF(OR(B11="NpcTemplateID",C11=""),"",IF(B11="spell"," spell"&REPT(" ",MAX(1,24-LEN("spell")))&C11,IF(LEFT(B11,6)="CProp."," CProp"&REPT(" ",MAX(1,24-LEN("CProp")))&MID(B11,7,200)&REPT(" ",MAX(1,24-LEN(MID(B11,7,200))))&C11," "&B11&REPT(" ",MAX(1,24-LEN(B11)))&C11))) | H11: =IF($G14="","",$G14)
A12: Identity | B12: TrueColor | E12: Permanent hue that should persist through updates. | F12: 0 | G12: =IF(OR(B12="NpcTemplateID",C12=""),"",IF(B12="spell"," spell"&REPT(" ",MAX(1,24-LEN("spell")))&C12,IF(LEFT(B12,6)="CProp."," CProp"&REPT(" ",MAX(1,24-LEN("CProp")))&MID(B12,7,200)&REPT(" ",MAX(1,24-LEN(MID(B12,7,200))))&C12," "&B12&REPT(" ",MAX(1,24-LEN(B12)))&C12))) | H12: =IF($G15="","",$G15)
A13: Identity | B13: Gender | E13: 0/1 gender selector used by animation/equipment rules. | F13: 0 | G13: =IF(OR(B13="NpcTemplateID",C13=""),"",IF(B13="spell"," spell"&REPT(" ",MAX(1,24-LEN("spell")))&C13,IF(LEFT(B13,6)="CProp."," CProp"&REPT(" ",MAX(1,24-LEN("CProp")))&MID(B13,7,200)&REPT(" ",MAX(1,24-LEN(MID(B13,7,200))))&C13," "&B13&REPT(" ",MAX(1,24-LEN(B13)))&C13))) | H13: =IF($G16="","",$G16)
A14: Identity | B14: Equip | E14: Equipment template applied on spawn. | F14: dragon | G14: =IF(OR(B14="NpcTemplateID",C14=""),"",IF(B14="spell"," spell"&REPT(" ",MAX(1,24-LEN("spell")))&C14,IF(LEFT(B14,6)="CProp."," CProp"&REPT(" ",MAX(1,24-LEN("CProp")))&MID(B14,7,200)&REPT(" ",MAX(1,24-LEN(MID(B14,7,200))))&C14," "&B14&REPT(" ",MAX(1,24-LEN(B14)))&C14))) | H14: =IF($G17="","",$G17)
A15: Primary Stats + Scaling | B15: STR | E15: Base strength stat. If HITS is blank and CustomHitsLevel is not set, HP often ends up tracking strength after BaseStrmod is applied. | F15: 400 | G15: =IF(OR(B15="NpcTemplateID",C15=""),"",IF(B15="spell"," spell"&REPT(" ",MAX(1,24-LEN("spell")))&C15,IF(LEFT(B15,6)="CProp."," CProp"&REPT(" ",MAX(1,24-LEN("CProp")))&MID(B15,7,200)&REPT(" ",MAX(1,24-LEN(MID(B15,7,200))))&C15," "&B15&REPT(" ",MAX(1,24-LEN(B15)))&C15))) | H15: =IF(#REF!="","",#REF!) -> #REF!
A16: Primary Stats + Scaling | B16: INT | E16: Base intelligence stat. | F16: 200 | G16: =IF(OR(B16="NpcTemplateID",C16=""),"",IF(B16="spell"," spell"&REPT(" ",MAX(1,24-LEN("spell")))&C16,IF(LEFT(B16,6)="CProp."," CProp"&REPT(" ",MAX(1,24-LEN("CProp")))&MID(B16,7,200)&REPT(" ",MAX(1,24-LEN(MID(B16,7,200))))&C16," "&B16&REPT(" ",MAX(1,24-LEN(B16)))&C16))) | H16: =IF($G18="","",$G18)
A17: Primary Stats + Scaling | B17: DEX | E17: Base dexterity stat. | F17: 120 | G17: =IF(OR(B17="NpcTemplateID",C17=""),"",IF(B17="spell"," spell"&REPT(" ",MAX(1,24-LEN("spell")))&C17,IF(LEFT(B17,6)="CProp."," CProp"&REPT(" ",MAX(1,24-LEN("CProp")))&MID(B17,7,200)&REPT(" ",MAX(1,24-LEN(MID(B17,7,200))))&C17," "&B17&REPT(" ",MAX(1,24-LEN(B17)))&C17))) | H17: =IF($G19="","",$G19)
A18: Primary Stats + Scaling | B18: MANA | E18: Base mana pool. | F18: 200 | G18: =IF(OR(B18="NpcTemplateID",C18=""),"",IF(B18="spell"," spell"&REPT(" ",MAX(1,24-LEN("spell")))&C18,IF(LEFT(B18,6)="CProp."," CProp"&REPT(" ",MAX(1,24-LEN("CProp")))&MID(B18,7,200)&REPT(" ",MAX(1,24-LEN(MID(B18,7,200))))&C18," "&B18&REPT(" ",MAX(1,24-LEN(B18)))&C18))) | H18: =IF($G21="","",$G21)
A19: Primary Stats + Scaling | B19: STAM | E19: Base stamina pool. | F19: 120 | G19: =IF(OR(B19="NpcTemplateID",C19=""),"",IF(B19="spell"," spell"&REPT(" ",MAX(1,24-LEN("spell")))&C19,IF(LEFT(B19,6)="CProp."," CProp"&REPT(" ",MAX(1,24-LEN("CProp")))&MID(B19,7,200)&REPT(" ",MAX(1,24-LEN(MID(B19,7,200))))&C19," "&B19&REPT(" ",MAX(1,24-LEN(B19)))&C19))) | H19: =IF($G22="","",$G22)
A20: Primary Stats + Scaling | B20: CProp.BaseStrmod | E20: Strength modifier applied after base STR. This usually raises derived HP if HP is strength-based. | F20: i1000 | G20: =IF(OR(B20="NpcTemplateID",C20=""),"",IF(B20="spell"," spell"&REPT(" ",MAX(1,24-LEN("spell")))&C20,IF(LEFT(B20,6)="CProp."," CProp"&REPT(" ",MAX(1,24-LEN("CProp")))&MID(B20,7,200)&REPT(" ",MAX(1,24-LEN(MID(B20,7,200))))&C20," "&B20&REPT(" ",MAX(1,24-LEN(B20)))&C20))) | H20: =IF($G23="","",$G23)
A21: Primary Stats + Scaling | B21: CProp.BaseIntmod | E21: Additional intelligence modifier from custom property. | F21: i500 | G21: =IF(OR(B21="NpcTemplateID",C21=""),"",IF(B21="spell"," spell"&REPT(" ",MAX(1,24-LEN("spell")))&C21,IF(LEFT(B21,6)="CProp."," CProp"&REPT(" ",MAX(1,24-LEN("CProp")))&MID(B21,7,200)&REPT(" ",MAX(1,24-LEN(MID(B21,7,200))))&C21," "&B21&REPT(" ",MAX(1,24-LEN(B21)))&C21))) | H21: =IF($G24="","",$G24)
A22: Primary Stats + Scaling | B22: CProp.BaseDexmod | E22: Additional dexterity modifier from custom property. | F22: i100 | G22: =IF(OR(B22="NpcTemplateID",C22=""),"",IF(B22="spell"," spell"&REPT(" ",MAX(1,24-LEN("spell")))&C22,IF(LEFT(B22,6)="CProp."," CProp"&REPT(" ",MAX(1,24-LEN("CProp")))&MID(B22,7,200)&REPT(" ",MAX(1,24-LEN(MID(B22,7,200))))&C22," "&B22&REPT(" ",MAX(1,24-LEN(B22)))&C22))) | H22: =IF($G25="","",$G25)
A23: Primary Stats + Scaling | B23: CProp.CustomHitsLevel | E23: Custom HP override used by shard scripts. Common shard convention stores HP in hundredths, so i30000 becomes 300 HP. | G23: =IF(OR(B23="NpcTemplateID",C23=""),"",IF(B23="spell"," spell"&REPT(" ",MAX(1,24-LEN("spell")))&C23,IF(LEFT(B23,6)="CProp."," CProp"&REPT(" ",MAX(1,24-LEN("CProp")))&MID(B23,7,200)&REPT(" ",MAX(1,24-LEN(MID(B23,7,200))))&C23," "&B23&REPT(" ",MAX(1,24-LEN(B23)))&C23))) | H23: =IF($G26="","",$G26)
A24: Primary Stats + Scaling | B24: CProp.BaseHpRegen | E24: Passive HP regeneration modifier. | G24: =IF(OR(B24="NpcTemplateID",C24=""),"",IF(B24="spell"," spell"&REPT(" ",MAX(1,24-LEN("spell")))&C24,IF(LEFT(B24,6)="CProp."," CProp"&REPT(" ",MAX(1,24-LEN("CProp")))&MID(B24,7,200)&REPT(" ",MAX(1,24-LEN(MID(B24,7,200))))&C24," "&B24&REPT(" ",MAX(1,24-LEN(B24)))&C24))) | H24: =IF($G27="","",$G27)
A25: Primary Stats + Scaling | B25: CProp.BaseManaRegen | E25: Passive mana regeneration modifier. | G25: =IF(OR(B25="NpcTemplateID",C25=""),"",IF(B25="spell"," spell"&REPT(" ",MAX(1,24-LEN("spell")))&C25,IF(LEFT(B25,6)="CProp."," CProp"&REPT(" ",MAX(1,24-LEN("CProp")))&MID(B25,7,200)&REPT(" ",MAX(1,24-LEN(MID(B25,7,200))))&C25," "&B25&REPT(" ",MAX(1,24-LEN(B25)))&C25))) | H25: =IF($G28="","",$G28)
A26: Combat | B26: AttackAttribute | E26: Attack profile label. Kept mainly for staff/Seer info display; shard scripts do not use it to drive combat logic. | G26: =IF(OR(B26="NpcTemplateID",C26=""),"",IF(B26="spell"," spell"&REPT(" ",MAX(1,24-LEN("spell")))&C26,IF(LEFT(B26,6)="CProp."," CProp"&REPT(" ",MAX(1,24-LEN("CProp")))&MID(B26,7,200)&REPT(" ",MAX(1,24-LEN(MID(B26,7,200))))&C26," "&B26&REPT(" ",MAX(1,24-LEN(B26)))&C26))) | H26: =IF($G29="","",$G29)
A27: Combat | B27: AttackSpeed | E27: Attack speed note field. Kept for template documentation/display; shard scripts do not read this value for combat behavior. | G27: =IF(OR(B27="NpcTemplateID",C27=""),"",IF(B27="spell"," spell"&REPT(" ",MAX(1,24-LEN("spell")))&C27,IF(LEFT(B27,6)="CProp."," CProp"&REPT(" ",MAX(1,24-LEN("CProp")))&MID(B27,7,200)&REPT(" ",MAX(1,24-LEN(MID(B27,7,200))))&C27," "&B27&REPT(" ",MAX(1,24-LEN(B27)))&C27))) | H27: =IF($G30="","",$G30)
A28: Combat | B28: AttackDamage | E28: Attack damage note field. Kept mainly for staff/Seer info display rather than live combat calculation. | G28: =IF(OR(B28="NpcTemplateID",C28=""),"",IF(B28="spell"," spell"&REPT(" ",MAX(1,24-LEN("spell")))&C28,IF(LEFT(B28,6)="CProp."," CProp"&REPT(" ",MAX(1,24-LEN("CProp")))&MID(B28,7,200)&REPT(" ",MAX(1,24-LEN(MID(B28,7,200))))&C28," "&B28&REPT(" ",MAX(1,24-LEN(B28)))&C28))) | H28: =IF($G31="","",$G31)
A29: Combat | B29: AR | E29: Armor rating baseline. | G29: =IF(OR(B29="NpcTemplateID",C29=""),"",IF(B29="spell"," spell"&REPT(" ",MAX(1,24-LEN("spell")))&C29,IF(LEFT(B29,6)="CProp."," CProp"&REPT(" ",MAX(1,24-LEN("CProp")))&MID(B29,7,200)&REPT(" ",MAX(1,24-LEN(MID(B29,7,200))))&C29," "&B29&REPT(" ",MAX(1,24-LEN(B29)))&C29))) | H29: =IF($G32="","",$G32)
A30: Behavior/Faction | B30: alignment | E30: Behavior allegiance (for example good/evil). | F30: evil | G30: =IF(OR(B30="NpcTemplateID",C30=""),"",IF(B30="spell"," spell"&REPT(" ",MAX(1,24-LEN("spell")))&C30,IF(LEFT(B30,6)="CProp."," CProp"&REPT(" ",MAX(1,24-LEN("CProp")))&MID(B30,7,200)&REPT(" ",MAX(1,24-LEN(MID(B30,7,200))))&C30," "&B30&REPT(" ",MAX(1,24-LEN(B30)))&C30))) | H30: =IF($G33="","",$G33)
A31: Behavior/Faction | B31: hostile | E31: If set, NPC auto-hostiles players/targets. | F31: 1 | G31: =IF(OR(B31="NpcTemplateID",C31=""),"",IF(B31="spell"," spell"&REPT(" ",MAX(1,24-LEN("spell")))&C31,IF(LEFT(B31,6)="CProp."," CProp"&REPT(" ",MAX(1,24-LEN("CProp")))&MID(B31,7,200)&REPT(" ",MAX(1,24-LEN(MID(B31,7,200))))&C31," "&B31&REPT(" ",MAX(1,24-LEN(B31)))&C31))) | H31: =IF($G34="","",$G34)
A32: Behavior/Faction | B32: virtue | E32: Virtue/karma subsystem bucket value used by shard scripts. | F32: 8 | G32: =IF(OR(B32="NpcTemplateID",C32=""),"",IF(B32="spell"," spell"&REPT(" ",MAX(1,24-LEN("spell")))&C32,IF(LEFT(B32,6)="CProp."," CProp"&REPT(" ",MAX(1,24-LEN("CProp")))&MID(B32,7,200)&REPT(" ",MAX(1,24-LEN(MID(B32,7,200))))&C32," "&B32&REPT(" ",MAX(1,24-LEN(B32)))&C32))) | H32: =IF($G35="","",$G35)
A33: Behavior/Faction | B33: Karma | E33: Karma value used for notoriety/kill rewards. | F33: -10000 | G33: =IF(OR(B33="NpcTemplateID",C33=""),"",IF(B33="spell"," spell"&REPT(" ",MAX(1,24-LEN("spell")))&C33,IF(LEFT(B33,6)="CProp."," CProp"&REPT(" ",MAX(1,24-LEN("CProp")))&MID(B33,7,200)&REPT(" ",MAX(1,24-LEN(MID(B33,7,200))))&C33," "&B33&REPT(" ",MAX(1,24-LEN(B33)))&C33))) | H33: =IF($G36="","",$G36)
A34: Behavior/Faction | B34: Fame | E34: Fame value used for notoriety/kill rewards. | F34: 10000 | G34: =IF(OR(B34="NpcTemplateID",C34=""),"",IF(B34="spell"," spell"&REPT(" ",MAX(1,24-LEN("spell")))&C34,IF(LEFT(B34,6)="CProp."," CProp"&REPT(" ",MAX(1,24-LEN("CProp")))&MID(B34,7,200)&REPT(" ",MAX(1,24-LEN(MID(B34,7,200))))&C34," "&B34&REPT(" ",MAX(1,24-LEN(B34)))&C34))) | H34: =IF($G37="","",$G37)
A35: Behavior/Faction | B35: guardignore | E35: If set, guards ignore this NPC. | G35: =IF(OR(B35="NpcTemplateID",C35=""),"",IF(B35="spell"," spell"&REPT(" ",MAX(1,24-LEN("spell")))&C35,IF(LEFT(B35,6)="CProp."," CProp"&REPT(" ",MAX(1,24-LEN("CProp")))&MID(B35,7,200)&REPT(" ",MAX(1,24-LEN(MID(B35,7,200))))&C35," "&B35&REPT(" ",MAX(1,24-LEN(B35)))&C35))) | H35: =IF($G38="","",$G38)
A36: Behavior/Faction | B36: dstart | E36: AI perception/engagement start distance. | G36: =IF(OR(B36="NpcTemplateID",C36=""),"",IF(B36="spell"," spell"&REPT(" ",MAX(1,24-LEN("spell")))&C36,IF(LEFT(B36,6)="CProp."," CProp"&REPT(" ",MAX(1,24-LEN("CProp")))&MID(B36,7,200)&REPT(" ",MAX(1,24-LEN(MID(B36,7,200))))&C36," "&B36&REPT(" ",MAX(1,24-LEN(B36)))&C36))) | H36: =IF($G39="","",$G39)
A37: Behavior/Faction | B37: speech | E37: Speech profile/group index. | G37: =IF(OR(B37="NpcTemplateID",C37=""),"",IF(B37="spell"," spell"&REPT(" ",MAX(1,24-LEN("spell")))&C37,IF(LEFT(B37,6)="CProp."," CProp"&REPT(" ",MAX(1,24-LEN("CProp")))&MID(B37,7,200)&REPT(" ",MAX(1,24-LEN(MID(B37,7,200))))&C37," "&B37&REPT(" ",MAX(1,24-LEN(B37)))&C37))) | H37: =IF($G40="","",$G40)
A38: Behavior/Faction | B38: saywords | E38: Enables NPC speech lines during behavior. | G38: =IF(OR(B38="NpcTemplateID",C38=""),"",IF(B38="spell"," spell"&REPT(" ",MAX(1,24-LEN("spell")))&C38,IF(LEFT(B38,6)="CProp."," CProp"&REPT(" ",MAX(1,24-LEN("CProp")))&MID(B38,7,200)&REPT(" ",MAX(1,24-LEN(MID(B38,7,200))))&C38," "&B38&REPT(" ",MAX(1,24-LEN(B38)))&C38))) | H38: =IF($G41="","",$G41)
A39: Loot | B39: lootgroup | E39: Loot table group ID. | F39: 133 | G39: =IF(OR(B39="NpcTemplateID",C39=""),"",IF(B39="spell"," spell"&REPT(" ",MAX(1,24-LEN("spell")))&C39,IF(LEFT(B39,6)="CProp."," CProp"&REPT(" ",MAX(1,24-LEN("CProp")))&MID(B39,7,200)&REPT(" ",MAX(1,24-LEN(MID(B39,7,200))))&C39," "&B39&REPT(" ",MAX(1,24-LEN(B39)))&C39))) | H39: =IF($G42="","",$G42)
A40: Loot | B40: MagicItemChance | E40: Chance percent for magic drop rolls. | F40: 90 | G40: =IF(OR(B40="NpcTemplateID",C40=""),"",IF(B40="spell"," spell"&REPT(" ",MAX(1,24-LEN("spell")))&C40,IF(LEFT(B40,6)="CProp."," CProp"&REPT(" ",MAX(1,24-LEN("CProp")))&MID(B40,7,200)&REPT(" ",MAX(1,24-LEN(MID(B40,7,200))))&C40," "&B40&REPT(" ",MAX(1,24-LEN(B40)))&C40))) | H40: =IF($G43="","",$G43)
A41: Loot | B41: MagicItemLevel | E41: Tier for generated magic item quality. | F41: 9 | G41: =IF(OR(B41="NpcTemplateID",C41=""),"",IF(B41="spell"," spell"&REPT(" ",MAX(1,24-LEN("spell")))&C41,IF(LEFT(B41,6)="CProp."," CProp"&REPT(" ",MAX(1,24-LEN("CProp")))&MID(B41,7,200)&REPT(" ",MAX(1,24-LEN(MID(B41,7,200))))&C41," "&B41&REPT(" ",MAX(1,24-LEN(B41)))&C41))) | H41: =IF($G44="","",$G44)
A42: Casting + Spells | B42: cast_pct | E42: Caster AI cast probability. | G42: =IF(OR(B42="NpcTemplateID",C42=""),"",IF(B42="spell"," spell"&REPT(" ",MAX(1,24-LEN("spell")))&C42,IF(LEFT(B42,6)="CProp."," CProp"&REPT(" ",MAX(1,24-LEN("CProp")))&MID(B42,7,200)&REPT(" ",MAX(1,24-LEN(MID(B42,7,200))))&C42," "&B42&REPT(" ",MAX(1,24-LEN(B42)))&C42))) | H42: =IF($G45="","",$G45)
A43: Casting + Spells | B43: num_casts | E43: Caster AI cast attempt count. | G43: =IF(OR(B43="NpcTemplateID",C43=""),"",IF(B43="spell"," spell"&REPT(" ",MAX(1,24-LEN("spell")))&C43,IF(LEFT(B43,6)="CProp."," CProp"&REPT(" ",MAX(1,24-LEN("CProp")))&MID(B43,7,200)&REPT(" ",MAX(1,24-LEN(MID(B43,7,200))))&C43," "&B43&REPT(" ",MAX(1,24-LEN(B43)))&C43))) | H43: =IF($G46="","",$G46)
A44: Casting + Spells | B44: spell | E44: Spell entry. Repeat this key for multiple spells. | F44: flamestrike | G44: =IF(OR(B44="NpcTemplateID",C44=""),"",IF(B44="spell"," spell"&REPT(" ",MAX(1,24-LEN("spell")))&C44,IF(LEFT(B44,6)="CProp."," CProp"&REPT(" ",MAX(1,24-LEN("CProp")))&MID(B44,7,200)&REPT(" ",MAX(1,24-LEN(MID(B44,7,200))))&C44," "&B44&REPT(" ",MAX(1,24-LEN(B44)))&C44))) | H44: =IF($G47="","",$G47)
A45: Casting + Spells | B45: spell | E45: Spell entry. Repeat this key for multiple spells. | F45: flamestrike | G45: =IF(OR(B45="NpcTemplateID",C45=""),"",IF(B45="spell"," spell"&REPT(" ",MAX(1,24-LEN("spell")))&C45,IF(LEFT(B45,6)="CProp."," CProp"&REPT(" ",MAX(1,24-LEN("CProp")))&MID(B45,7,200)&REPT(" ",MAX(1,24-LEN(MID(B45,7,200))))&C45," "&B45&REPT(" ",MAX(1,24-LEN(B45)))&C45))) | H45: =IF($G48="","",$G48)
A46: Casting + Spells | B46: spell | E46: Spell entry. Repeat this key for multiple spells. | F46: flamestrike | G46: =IF(OR(B46="NpcTemplateID",C46=""),"",IF(B46="spell"," spell"&REPT(" ",MAX(1,24-LEN("spell")))&C46,IF(LEFT(B46,6)="CProp."," CProp"&REPT(" ",MAX(1,24-LEN("CProp")))&MID(B46,7,200)&REPT(" ",MAX(1,24-LEN(MID(B46,7,200))))&C46," "&B46&REPT(" ",MAX(1,24-LEN(B46)))&C46))) | H46: =IF($G49="","",$G49)
A47: Casting + Spells | B47: spell | E47: Spell entry. Repeat this key for multiple spells. | F47: flamestrike | G47: =IF(OR(B47="NpcTemplateID",C47=""),"",IF(B47="spell"," spell"&REPT(" ",MAX(1,24-LEN("spell")))&C47,IF(LEFT(B47,6)="CProp."," CProp"&REPT(" ",MAX(1,24-LEN("CProp")))&MID(B47,7,200)&REPT(" ",MAX(1,24-LEN(MID(B47,7,200))))&C47," "&B47&REPT(" ",MAX(1,24-LEN(B47)))&C47))) | H47: =IF($G50="","",$G50)
A48: Casting + Spells | B48: spell | E48: Spell entry. Repeat this key for multiple spells. | F48: flamestrike | G48: =IF(OR(B48="NpcTemplateID",C48=""),"",IF(B48="spell"," spell"&REPT(" ",MAX(1,24-LEN("spell")))&C48,IF(LEFT(B48,6)="CProp."," CProp"&REPT(" ",MAX(1,24-LEN("CProp")))&MID(B48,7,200)&REPT(" ",MAX(1,24-LEN(MID(B48,7,200))))&C48," "&B48&REPT(" ",MAX(1,24-LEN(B48)))&C48))) | H48: =IF($G51="","",$G51)
A49: Casting + Spells | B49: spell | E49: Spell entry. Repeat this key for multiple spells. | F49: flamestrike | G49: =IF(OR(B49="NpcTemplateID",C49=""),"",IF(B49="spell"," spell"&REPT(" ",MAX(1,24-LEN("spell")))&C49,IF(LEFT(B49,6)="CProp."," CProp"&REPT(" ",MAX(1,24-LEN("CProp")))&MID(B49,7,200)&REPT(" ",MAX(1,24-LEN(MID(B49,7,200))))&C49," "&B49&REPT(" ",MAX(1,24-LEN(B49)))&C49))) | H49: =IF($G52="","",$G52)
A50: Casting + Spells | B50: spell | E50: Spell entry. Repeat this key for multiple spells. | F50: flamestrike | G50: =IF(OR(B50="NpcTemplateID",C50=""),"",IF(B50="spell"," spell"&REPT(" ",MAX(1,24-LEN("spell")))&C50,IF(LEFT(B50,6)="CProp."," CProp"&REPT(" ",MAX(1,24-LEN("CProp")))&MID(B50,7,200)&REPT(" ",MAX(1,24-LEN(MID(B50,7,200))))&C50," "&B50&REPT(" ",MAX(1,24-LEN(B50)))&C50))) | H50: =IF($G53="","",$G53)
A51: Casting + Spells | B51: spell | E51: Spell entry. Repeat this key for multiple spells. | F51: flamestrike | G51: =IF(OR(B51="NpcTemplateID",C51=""),"",IF(B51="spell"," spell"&REPT(" ",MAX(1,24-LEN("spell")))&C51,IF(LEFT(B51,6)="CProp."," CProp"&REPT(" ",MAX(1,24-LEN("CProp")))&MID(B51,7,200)&REPT(" ",MAX(1,24-LEN(MID(B51,7,200))))&C51," "&B51&REPT(" ",MAX(1,24-LEN(B51)))&C51))) | H51: =IF($G54="","",$G54)
A52: Casting + Spells | B52: spell | E52: Spell entry. Repeat this key for multiple spells. | F52: flamestrike | G52: =IF(OR(B52="NpcTemplateID",C52=""),"",IF(B52="spell"," spell"&REPT(" ",MAX(1,24-LEN("spell")))&C52,IF(LEFT(B52,6)="CProp."," CProp"&REPT(" ",MAX(1,24-LEN("CProp")))&MID(B52,7,200)&REPT(" ",MAX(1,24-LEN(MID(B52,7,200))))&C52," "&B52&REPT(" ",MAX(1,24-LEN(B52)))&C52))) | H52: =IF($G55="","",$G55)
A53: Casting + Spells | B53: spell | E53: Spell entry. Repeat this key for multiple spells. | F53: flamestrike | G53: =IF(OR(B53="NpcTemplateID",C53=""),"",IF(B53="spell"," spell"&REPT(" ",MAX(1,24-LEN("spell")))&C53,IF(LEFT(B53,6)="CProp."," CProp"&REPT(" ",MAX(1,24-LEN("CProp")))&MID(B53,7,200)&REPT(" ",MAX(1,24-LEN(MID(B53,7,200))))&C53," "&B53&REPT(" ",MAX(1,24-LEN(B53)))&C53))) | H53: =IF($G56="","",$G56)
A54: Casting + Spells | B54: spell | E54: Spell entry. Repeat this key for multiple spells. | F54: flamestrike | G54: =IF(OR(B54="NpcTemplateID",C54=""),"",IF(B54="spell"," spell"&REPT(" ",MAX(1,24-LEN("spell")))&C54,IF(LEFT(B54,6)="CProp."," CProp"&REPT(" ",MAX(1,24-LEN("CProp")))&MID(B54,7,200)&REPT(" ",MAX(1,24-LEN(MID(B54,7,200))))&C54," "&B54&REPT(" ",MAX(1,24-LEN(B54)))&C54))) | H54: =IF($G57="","",$G57)
A55: Casting + Spells | B55: spell | E55: Spell entry. Repeat this key for multiple spells. | F55: flamestrike | G55: =IF(OR(B55="NpcTemplateID",C55=""),"",IF(B55="spell"," spell"&REPT(" ",MAX(1,24-LEN("spell")))&C55,IF(LEFT(B55,6)="CProp."," CProp"&REPT(" ",MAX(1,24-LEN("CProp")))&MID(B55,7,200)&REPT(" ",MAX(1,24-LEN(MID(B55,7,200))))&C55," "&B55&REPT(" ",MAX(1,24-LEN(B55)))&C55))) | H55: =IF($G58="","",$G58)
... A63: Casting + Spells | B63: spell | E63: Spell entry. Repeat this key for multiple spells. | F63: flamestrike | G63: =IF(OR(B63="NpcTemplateID",C63=""),"",IF(B63="spell"," spell"&REPT(" ",MAX(1,24-LEN("spell")))&C63,IF(LEFT(B63,6)="CProp."," CProp"&REPT(" ",MAX(1,24-LEN("CProp")))&MID(B63,7,200)&REPT(" ",MAX(1,24-LEN(MID(B63,7,200))))&C63," "&B63&REPT(" ",MAX(1,24-LEN(B63)))&C63))) | H63: =IF($G66="","",$G66)
A64: Skills | B64: skill_name | D64: 100 | E64: Skill key name. Pick from dropdown (e.g. Magery, Tactics). | F64: Magery | G64: =IF(OR(C64="",D64=""),""," "&C64&REPT(" ",MAX(1,24-LEN(C64)))&D64) | H64: =IF($G67="","",$G67)
A65: Skills | B65: skill_name | D65: 100 | E65: Skill key name. Pick from dropdown (e.g. Magery, Tactics). | F65: Magery | G65: =IF(OR(C65="",D65=""),""," "&C65&REPT(" ",MAX(1,24-LEN(C65)))&D65) | H65: =IF($G68="","",$G68)
A66: Skills | B66: skill_name | D66: 100 | E66: Skill key name. Pick from dropdown (e.g. Magery, Tactics). | F66: Magery | G66: =IF(OR(C66="",D66=""),""," "&C66&REPT(" ",MAX(1,24-LEN(C66)))&D66) | H66: =IF($G69="","",$G69)
A67: Skills | B67: skill_name | D67: 100 | E67: Skill key name. Pick from dropdown (e.g. Magery, Tactics). | F67: Magery | G67: =IF(OR(C67="",D67=""),""," "&C67&REPT(" ",MAX(1,24-LEN(C67)))&D67) | H67: =IF($G70="","",$G70)
A68: Skills | B68: skill_name | D68: 100 | E68: Skill key name. Pick from dropdown (e.g. Magery, Tactics). | F68: Magery | G68: =IF(OR(C68="",D68=""),""," "&C68&REPT(" ",MAX(1,24-LEN(C68)))&D68) | H68: =IF($G71="","",$G71)
A69: Skills | B69: skill_name | D69: 100 | E69: Skill key name. Pick from dropdown (e.g. Magery, Tactics). | F69: Magery | G69: =IF(OR(C69="",D69=""),""," "&C69&REPT(" ",MAX(1,24-LEN(C69)))&D69) | H69: =IF($G72="","",$G72)
A70: Skills | B70: skill_name | D70: 100 | E70: Skill key name. Pick from dropdown (e.g. Magery, Tactics). | F70: Magery | G70: =IF(OR(C70="",D70=""),""," "&C70&REPT(" ",MAX(1,24-LEN(C70)))&D70) | H70: =IF($G73="","",$G73)
A71: Skills | B71: skill_name | D71: 100 | E71: Skill key name. Pick from dropdown (e.g. Magery, Tactics). | F71: Magery | G71: =IF(OR(C71="",D71=""),""," "&C71&REPT(" ",MAX(1,24-LEN(C71)))&D71) | H71: =IF($G74="","",$G74)
A72: Skills | B72: skill_name | D72: 100 | E72: Skill key name. Pick from dropdown (e.g. Magery, Tactics). | F72: Magery | G72: =IF(OR(C72="",D72=""),""," "&C72&REPT(" ",MAX(1,24-LEN(C72)))&D72) | H72: =IF($G75="","",$G75)
A73: Skills | B73: skill_name | D73: 100 | E73: Skill key name. Pick from dropdown (e.g. Magery, Tactics). | F73: Magery | G73: =IF(OR(C73="",D73=""),""," "&C73&REPT(" ",MAX(1,24-LEN(C73)))&D73) | H73: =IF($G76="","",$G76)
A74: Skills | B74: skill_name | D74: 100 | E74: Skill key name. Pick from dropdown (e.g. Magery, Tactics). | F74: Magery | G74: =IF(OR(C74="",D74=""),""," "&C74&REPT(" ",MAX(1,24-LEN(C74)))&D74) | H74: =IF($G77="","",$G77)
A75: Skills | B75: skill_name | D75: 100 | E75: Skill key name. Pick from dropdown (e.g. Magery, Tactics). | F75: Magery | G75: =IF(OR(C75="",D75=""),""," "&C75&REPT(" ",MAX(1,24-LEN(C75)))&D75) | H75: =IF($G78="","",$G78)
... A83: Skills | B83: skill_name | D83: 100 | E83: Skill key name. Pick from dropdown (e.g. Magery, Tactics). | F83: Magery | G83: =IF(OR(C83="",D83=""),""," "&C83&REPT(" ",MAX(1,24-LEN(C83)))&D83) | H83: =IF($G86="","",$G86)
A84: Protection CProps | B84: CProp.Type | E84: Slayer/system classification (e.g., sHuman, sDragonkin). | F84: sDragonkin | G84: =IF(OR(B84="NpcTemplateID",C84=""),"",IF(B84="spell"," spell"&REPT(" ",MAX(1,24-LEN("spell")))&C84,IF(LEFT(B84,6)="CProp."," CProp"&REPT(" ",MAX(1,24-LEN("CProp")))&MID(B84,7,200)&REPT(" ",MAX(1,24-LEN(MID(B84,7,200))))&C84," "&B84&REPT(" ",MAX(1,24-LEN(B84)))&C84))) | H84: =IF($G87="","",$G87)
A85: Protection CProps | B85: CProp.Permmr | E85: Permanent magic resistance tier/value. | G85: =IF(OR(B85="NpcTemplateID",C85=""),"",IF(B85="spell"," spell"&REPT(" ",MAX(1,24-LEN("spell")))&C85,IF(LEFT(B85,6)="CProp."," CProp"&REPT(" ",MAX(1,24-LEN("CProp")))&MID(B85,7,200)&REPT(" ",MAX(1,24-LEN(MID(B85,7,200))))&C85," "&B85&REPT(" ",MAX(1,24-LEN(B85)))&C85))) | H85: =IF($G88="","",$G88)
A86: Protection CProps | B86: CProp.PermPoisonImmunity | E86: Permanent poison immunity tier. | G86: =IF(OR(B86="NpcTemplateID",C86=""),"",IF(B86="spell"," spell"&REPT(" ",MAX(1,24-LEN("spell")))&C86,IF(LEFT(B86,6)="CProp."," CProp"&REPT(" ",MAX(1,24-LEN("CProp")))&MID(B86,7,200)&REPT(" ",MAX(1,24-LEN(MID(B86,7,200))))&C86," "&B86&REPT(" ",MAX(1,24-LEN(B86)))&C86))) | H86: =IF($G89="","",$G89)
A87: Protection CProps | B87: CProp.PermMagicImmunity | E87: Permanent magic immunity tier. | G87: =IF(OR(B87="NpcTemplateID",C87=""),"",IF(B87="spell"," spell"&REPT(" ",MAX(1,24-LEN("spell")))&C87,IF(LEFT(B87,6)="CProp."," CProp"&REPT(" ",MAX(1,24-LEN("CProp")))&MID(B87,7,200)&REPT(" ",MAX(1,24-LEN(MID(B87,7,200))))&C87," "&B87&REPT(" ",MAX(1,24-LEN(B87)))&C87))) | H87: =IF($G90="","",$G90)
A88: Protection CProps | B88: CProp.PhysicalProtection | E88: Physical resistance/protection value. | G88: =IF(OR(B88="NpcTemplateID",C88=""),"",IF(B88="spell"," spell"&REPT(" ",MAX(1,24-LEN("spell")))&C88,IF(LEFT(B88,6)="CProp."," CProp"&REPT(" ",MAX(1,24-LEN("CProp")))&MID(B88,7,200)&REPT(" ",MAX(1,24-LEN(MID(B88,7,200))))&C88," "&B88&REPT(" ",MAX(1,24-LEN(B88)))&C88))) | H88: =IF($G91="","",$G91)
A89: Protection CProps | B89: CProp.FireProtection | E89: Fire resistance/protection value. | G89: =IF(OR(B89="NpcTemplateID",C89=""),"",IF(B89="spell"," spell"&REPT(" ",MAX(1,24-LEN("spell")))&C89,IF(LEFT(B89,6)="CProp."," CProp"&REPT(" ",MAX(1,24-LEN("CProp")))&MID(B89,7,200)&REPT(" ",MAX(1,24-LEN(MID(B89,7,200))))&C89," "&B89&REPT(" ",MAX(1,24-LEN(B89)))&C89))) | H89: =IF($G92="","",$G92)
A90: Protection CProps | B90: CProp.WaterProtection | E90: Water resistance/protection value. | G90: =IF(OR(B90="NpcTemplateID",C90=""),"",IF(B90="spell"," spell"&REPT(" ",MAX(1,24-LEN("spell")))&C90,IF(LEFT(B90,6)="CProp."," CProp"&REPT(" ",MAX(1,24-LEN("CProp")))&MID(B90,7,200)&REPT(" ",MAX(1,24-LEN(MID(B90,7,200))))&C90," "&B90&REPT(" ",MAX(1,24-LEN(B90)))&C90))) | H90: =IF($G93="","",$G93)
A91: Protection CProps | B91: CProp.AirProtection | E91: Air resistance/protection value. | G91: =IF(OR(B91="NpcTemplateID",C91=""),"",IF(B91="spell"," spell"&REPT(" ",MAX(1,24-LEN("spell")))&C91,IF(LEFT(B91,6)="CProp."," CProp"&REPT(" ",MAX(1,24-LEN("CProp")))&MID(B91,7,200)&REPT(" ",MAX(1,24-LEN(MID(B91,7,200))))&C91," "&B91&REPT(" ",MAX(1,24-LEN(B91)))&C91))) | H91: =IF($G94="","",$G94)
A92: Protection CProps | B92: CProp.EarthProtection | E92: Earth resistance/protection value. | G92: =IF(OR(B92="NpcTemplateID",C92=""),"",IF(B92="spell"," spell"&REPT(" ",MAX(1,24-LEN("spell")))&C92,IF(LEFT(B92,6)="CProp."," CProp"&REPT(" ",MAX(1,24-LEN("CProp")))&MID(B92,7,200)&REPT(" ",MAX(1,24-LEN(MID(B92,7,200))))&C92," "&B92&REPT(" ",MAX(1,24-LEN(B92)))&C92))) | H92: =IF($G95="","",$G95)
A93: Protection CProps | B93: CProp.NecroProtection | E93: Necro resistance/protection value. | G93: =IF(OR(B93="NpcTemplateID",C93=""),"",IF(B93="spell"," spell"&REPT(" ",MAX(1,24-LEN("spell")))&C93,IF(LEFT(B93,6)="CProp."," CProp"&REPT(" ",MAX(1,24-LEN("CProp")))&MID(B93,7,200)&REPT(" ",MAX(1,24-LEN(MID(B93,7,200))))&C93," "&B93&REPT(" ",MAX(1,24-LEN(B93)))&C93))) | H93: =IF($G96="","",$G96)
A94: Protection CProps | B94: CProp.HolyProtection | E94: Holy resistance/protection value. | G94: =IF(OR(B94="NpcTemplateID",C94=""),"",IF(B94="spell"," spell"&REPT(" ",MAX(1,24-LEN("spell")))&C94,IF(LEFT(B94,6)="CProp."," CProp"&REPT(" ",MAX(1,24-LEN("CProp")))&MID(B94,7,200)&REPT(" ",MAX(1,24-LEN(MID(B94,7,200))))&C94," "&B94&REPT(" ",MAX(1,24-LEN(B94)))&C94))) | H94: =IF($G97="","",$G97)
A95: Other Fields | B95: deathsnd | E95: Death sound ID. | G95: =IF(OR(B95="NpcTemplateID",C95=""),"",IF(B95="spell"," spell"&REPT(" ",MAX(1,24-LEN("spell")))&C95,IF(LEFT(B95,6)="CProp."," CProp"&REPT(" ",MAX(1,24-LEN("CProp")))&MID(B95,7,200)&REPT(" ",MAX(1,24-LEN(MID(B95,7,200))))&C95," "&B95&REPT(" ",MAX(1,24-LEN(B95)))&C95))) | H95: =IF($G98="","",$G98)
A96: Other Fields | B96: dress | E96: Dress profile for random outfitting. | G96: =IF(OR(B96="NpcTemplateID",C96=""),"",IF(B96="spell"," spell"&REPT(" ",MAX(1,24-LEN("spell")))&C96,IF(LEFT(B96,6)="CProp."," CProp"&REPT(" ",MAX(1,24-LEN("CProp")))&MID(B96,7,200)&REPT(" ",MAX(1,24-LEN(MID(B96,7,200))))&C96," "&B96&REPT(" ",MAX(1,24-LEN(B96)))&C96))) | H96: =IF($G99="","",$G99)
... A102: Other Fields | B102: noloot | E102: Suppresses corpse loot generation. | G102: =IF(OR(B102="NpcTemplateID",C102=""),"",IF(B102="spell"," spell"&REPT(" ",MAX(1,24-LEN("spell")))&C102,IF(LEFT(B102,6)="CProp."," CProp"&REPT(" ",MAX(1,24-LEN("CProp")))&MID(B102,7,200)&REPT(" ",MAX(1,24-LEN(MID(B102,7,200))))&C102," "&B102&REPT(" ",MAX(1,24-LEN(B102)))&C102))) | H102: =IF($G105="","",$G105)
A103: Other Fields | B103: psub | G103: =IF(OR(B103="NpcTemplateID",C103=""),"",IF(B103="spell"," spell"&REPT(" ",MAX(1,24-LEN("spell")))&C103,IF(LEFT(B103,6)="CProp."," CProp"&REPT(" ",MAX(1,24-LEN("CProp")))&MID(B103,7,200)&REPT(" ",MAX(1,24-LEN(MID(B103,7,200))))&C103," "&B103&REPT(" ",MAX(1,24-LEN(B103)))&C103))) | H103: =IF($G106="","",$G106)
A104: Other Fields | B104: provoke | E104: Provocation difficulty/value. | G104: =IF(OR(B104="NpcTemplateID",C104=""),"",IF(B104="spell"," spell"&REPT(" ",MAX(1,24-LEN("spell")))&C104,IF(LEFT(B104,6)="CProp."," CProp"&REPT(" ",MAX(1,24-LEN("CProp")))&MID(B104,7,200)&REPT(" ",MAX(1,24-LEN(MID(B104,7,200))))&C104," "&B104&REPT(" ",MAX(1,24-LEN(B104)))&C104))) | H104: =IF($G107="","",$G107)
A105: Other Fields | B105: RunSpeed | E105: Core run speed tuning field. | G105: =IF(OR(B105="NpcTemplateID",C105=""),"",IF(B105="spell"," spell"&REPT(" ",MAX(1,24-LEN("spell")))&C105,IF(LEFT(B105,6)="CProp."," CProp"&REPT(" ",MAX(1,24-LEN("CProp")))&MID(B105,7,200)&REPT(" ",MAX(1,24-LEN(MID(B105,7,200))))&C105," "&B105&REPT(" ",MAX(1,24-LEN(B105)))&C105))) | H105: =IF($G108="","",$G108)
A106: Other Fields | B106: mount | E106: Mount body/hue or mount setup fields. | G106: =IF(OR(B106="NpcTemplateID",C106=""),"",IF(B106="spell"," spell"&REPT(" ",MAX(1,24-LEN("spell")))&C106,IF(LEFT(B106,6)="CProp."," CProp"&REPT(" ",MAX(1,24-LEN("CProp")))&MID(B106,7,200)&REPT(" ",MAX(1,24-LEN(MID(B106,7,200))))&C106," "&B106&REPT(" ",MAX(1,24-LEN(B106)))&C106))) | H106: =IF($G109="","",$G109)
A107: Other Fields | B107: MoveMode | E107: Movement flags (L/A/S etc.) for pathing capability. | G107: =IF(OR(B107="NpcTemplateID",C107=""),"",IF(B107="spell"," spell"&REPT(" ",MAX(1,24-LEN("spell")))&C107,IF(LEFT(B107,6)="CProp."," CProp"&REPT(" ",MAX(1,24-LEN("CProp")))&MID(B107,7,200)&REPT(" ",MAX(1,24-LEN(MID(B107,7,200))))&C107," "&B107&REPT(" ",MAX(1,24-LEN(B107)))&C107))) | H107: =IF($G110="","",$G110)
A108: Other CProps | B108: CProp.MerchantType | G108: =IF(OR(B108="NpcTemplateID",C108=""),"",IF(B108="spell"," spell"&REPT(" ",MAX(1,24-LEN("spell")))&C108,IF(LEFT(B108,6)="CProp."," CProp"&REPT(" ",MAX(1,24-LEN("CProp")))&MID(B108,7,200)&REPT(" ",MAX(1,24-LEN(MID(B108,7,200))))&C108," "&B108&REPT(" ",MAX(1,24-LEN(B108)))&C108))) | H108: =IF($G111="","",$G111)
A109: Other CProps | B109: CProp.Equipt | G109: =IF(OR(B109="NpcTemplateID",C109=""),"",IF(B109="spell"," spell"&REPT(" ",MAX(1,24-LEN("spell")))&C109,IF(LEFT(B109,6)="CProp."," CProp"&REPT(" ",MAX(1,24-LEN("CProp")))&MID(B109,7,200)&REPT(" ",MAX(1,24-LEN(MID(B109,7,200))))&C109," "&B109&REPT(" ",MAX(1,24-LEN(B109)))&C109))) | H109: =IF($G112="","",$G112)
A110: Other CProps | B110: CProp.guardkill | G110: =IF(OR(B110="NpcTemplateID",C110=""),"",IF(B110="spell"," spell"&REPT(" ",MAX(1,24-LEN("spell")))&C110,IF(LEFT(B110,6)="CProp."," CProp"&REPT(" ",MAX(1,24-LEN("CProp")))&MID(B110,7,200)&REPT(" ",MAX(1,24-LEN(MID(B110,7,200))))&C110," "&B110&REPT(" ",MAX(1,24-LEN(B110)))&C110))) | H110: =IF($G113="","",$G113)
A111: Other CProps | B111: CProp.target | G111: =IF(OR(B111="NpcTemplateID",C111=""),"",IF(B111="spell"," spell"&REPT(" ",MAX(1,24-LEN("spell")))&C111,IF(LEFT(B111,6)="CProp."," CProp"&REPT(" ",MAX(1,24-LEN("CProp")))&MID(B111,7,200)&REPT(" ",MAX(1,24-LEN(MID(B111,7,200))))&C111," "&B111&REPT(" ",MAX(1,24-LEN(B111)))&C111))) | H111: =IF($G114="","",$G114)
A112: Other CProps | B112: CProp.wool | G112: =IF(OR(B112="NpcTemplateID",C112=""),"",IF(B112="spell"," spell"&REPT(" ",MAX(1,24-LEN("spell")))&C112,IF(LEFT(B112,6)="CProp."," CProp"&REPT(" ",MAX(1,24-LEN("CProp")))&MID(B112,7,200)&REPT(" ",MAX(1,24-LEN(MID(B112,7,200))))&C112," "&B112&REPT(" ",MAX(1,24-LEN(B112)))&C112))) | H112: =IF($G115="","",$G115)
A113: Other CProps | B113: CProp.DonatorMount | G113: =IF(OR(B113="NpcTemplateID",C113=""),"",IF(B113="spell"," spell"&REPT(" ",MAX(1,24-LEN("spell")))&C113,IF(LEFT(B113,6)="CProp."," CProp"&REPT(" ",MAX(1,24-LEN("CProp")))&MID(B113,7,200)&REPT(" ",MAX(1,24-LEN(MID(B113,7,200))))&C113," "&B113&REPT(" ",MAX(1,24-LEN(B113)))&C113))) | H113: =IF($G116="","",$G116)
A114: Other CProps | B114: CProp.nocorpse | G114: =IF(OR(B114="NpcTemplateID",C114=""),"",IF(B114="spell"," spell"&REPT(" ",MAX(1,24-LEN("spell")))&C114,IF(LEFT(B114,6)="CProp."," CProp"&REPT(" ",MAX(1,24-LEN("CProp")))&MID(B114,7,200)&REPT(" ",MAX(1,24-LEN(MID(B114,7,200))))&C114," "&B114&REPT(" ",MAX(1,24-LEN(B114)))&C114))) | H114: =IF($G117="","",$G117)
A115: Other CProps | B115: CProp.pack | G115: =IF(OR(B115="NpcTemplateID",C115=""),"",IF(B115="spell"," spell"&REPT(" ",MAX(1,24-LEN("spell")))&C115,IF(LEFT(B115,6)="CProp."," CProp"&REPT(" ",MAX(1,24-LEN("CProp")))&MID(B115,7,200)&REPT(" ",MAX(1,24-LEN(MID(B115,7,200))))&C115," "&B115&REPT(" ",MAX(1,24-LEN(B115)))&C115))) | H115: =IF($G118="","",$G118)
A116: Other CProps | B116: CProp.referee | G116: =IF(OR(B116="NpcTemplateID",C116=""),"",IF(B116="spell"," spell"&REPT(" ",MAX(1,24-LEN("spell")))&C116,IF(LEFT(B116,6)="CProp."," CProp"&REPT(" ",MAX(1,24-LEN("CProp")))&MID(B116,7,200)&REPT(" ",MAX(1,24-LEN(MID(B116,7,200))))&C116," "&B116&REPT(" ",MAX(1,24-LEN(B116)))&C116))) | H116: =IF($G119="","",$G119)
A117: Other CProps | B117: CProp.MoveSpeed | G117: =IF(OR(B117="NpcTemplateID",C117=""),"",IF(B117="spell"," spell"&REPT(" ",MAX(1,24-LEN("spell")))&C117,IF(LEFT(B117,6)="CProp."," CProp"&REPT(" ",MAX(1,24-LEN("CProp")))&MID(B117,7,200)&REPT(" ",MAX(1,24-LEN(MID(B117,7,200))))&C117," "&B117&REPT(" ",MAX(1,24-LEN(B117)))&C117))) | H117: =IF($G120="","",$G120)
A118: Other CProps | B118: CProp.snoopme | G118: =IF(OR(B118="NpcTemplateID",C118=""),"",IF(B118="spell"," spell"&REPT(" ",MAX(1,24-LEN("spell")))&C118,IF(LEFT(B118,6)="CProp."," CProp"&REPT(" ",MAX(1,24-LEN("CProp")))&MID(B118,7,200)&REPT(" ",MAX(1,24-LEN(MID(B118,7,200))))&C118," "&B118&REPT(" ",MAX(1,24-LEN(B118)))&C118))) | H118: =IF($G121="","",$G121)
A119: Other CProps | B119: CProp.stealme | G119: =IF(OR(B119="NpcTemplateID",C119=""),"",IF(B119="spell"," spell"&REPT(" ",MAX(1,24-LEN("spell")))&C119,IF(LEFT(B119,6)="CProp."," CProp"&REPT(" ",MAX(1,24-LEN("CProp")))&MID(B119,7,200)&REPT(" ",MAX(1,24-LEN(MID(B119,7,200))))&C119," "&B119&REPT(" ",MAX(1,24-LEN(B119)))&C119))) | H119: =IF($G122="","",$G122)
...

Sheet FieldDictionary
A1: Variable | B1: Type | C1: Description | D1: Observed Count | E1: Preferred Case
A2: Stats+Scaling precedence | B2: Note | C2: STR is the base stat, HITS is a direct hp assignment, BaseStrmod is an extra strength modifier, and CustomHitsLevel is the shard's hp override (commonly stored in hundredths, so i30000 becomes 300 hp).
A3: Name | B3: TopLevel | C3: Display name for NPC; can use <random> tokens where supported. | D3: 750 | E3: Name
A4: script | B4: TopLevel | C4: AI/behavior script attached to NPC. | D4: 750 | E4: script
A5: objtype | B5: TopLevel | C5: Body/object type ID (hex or decimal). | D5: 750 | E5: objtype
A6: Color | B6: TopLevel | C6: Hue override for body/equipment visuals. | D6: 750 | E6: Color
A7: TrueColor | B7: TopLevel | C7: Permanent hue that should persist through updates. | D7: 750 | E7: TrueColor
A8: Gender | B8: TopLevel | C8: 0/1 gender selector used by animation/equipment rules. | D8: 750 | E8: Gender
A9: STR | B9: TopLevel | C9: Base strength stat. If HITS is blank and CustomHitsLevel is not set, HP often ends up tracking strength after BaseStrmod is applied. | D9: 750 | E9: STR
A10: INT | B10: TopLevel | C10: Base intelligence stat. | D10: 750 | E10: INT
A11: DEX | B11: TopLevel | C11: Base dexterity stat. | D11: 750 | E11: DEX
A12: begging | B12: TopLevel | C12: Top-level NPC template field. | D12: 1 | E12: begging
A13: bowcraft | B13: TopLevel | C13: Top-level NPC template field. | D13: 1 | E13: bowcraft
A14: itemid | B14: TopLevel | C14: Top-level NPC template field. | D14: 1 | E14: itemid
... A168: NpcTemplateID | B168: BuilderOnly | C168: Builder-only template id written after NpcTemplate. Use letters/numbers and no spaces. | D168: 1 | E168: NpcTemplateID

Sheet Output
A1: NpcTemplate Output
A2: ="NpcTemplate "&SUBSTITUTE(TRIM(Builder!C7)," ","") -> NpcTemplate
A3: {
A4: =IF(Builder!$G7="","",Builder!$G7)
A5: =IF(Builder!$G8="","",Builder!$G8)
A6: =IF(Builder!$G9="","",Builder!$G9)
A7: =IF(Builder!$G10="","",Builder!$G10)
A8: =IF(Builder!$G11="","",Builder!$G11)
A9: =IF(Builder!$G12="","",Builder!$G12)
A10: =IF(Builder!$G13="","",Builder!$G13)
A11: =IF(Builder!$G14="","",Builder!$G14)
A12: =IF(Builder!$G15="","",Builder!$G15)
A13: =IF(Builder!$G16="","",Builder!$G16)
A14: =IF(Builder!$G17="","",Builder!$G17)
A15: =IF(Builder!#REF!="","",Builder!#REF!) -> #REF!
A16: =IF(Builder!$G18="","",Builder!$G18)
A17: =IF(Builder!$G19="","",Builder!$G19)
A18: =IF(Builder!$G20="","",Builder!$G20)
A19: =IF(Builder!$G21="","",Builder!$G21)
A20: =IF(Builder!$G22="","",Builder!$G22)
A21: =IF(Builder!$G23="","",Builder!$G23)
A22: =IF(Builder!$G24="","",Builder!$G24)
A23: =IF(Builder!$G25="","",Builder!$G25)
A24: =IF(Builder!$G26="","",Builder!$G26)
A25: =IF(Builder!$G27="","",Builder!$G27)
A26: =IF(Builder!$G28="","",Builder!$G28)
A27: =IF(Builder!$G29="","",Builder!$G29)
... A1003: =IF(Builder!$G1005="","",Builder!$G1005)
A1004: }

Sheet SpellLists
A1: Spell | B1: InNpcdesc | C1: UseCountInNpcdesc
A2: abyssalflame | B2: yes | C2: 66
A3: agility | B3: no | C3: 0
A4: angelicaura | B4: yes | C4: 4
A5: angelicfeast | B5: no | C5: 0
A6: angelicgate | B6: no | C6: 0
A7: animatedead | B7: no | C7: 0
A8: antidote | B8: no | C8: 0
A9: apocalypse | B9: yes | C9: 4
A10: archcure | B10: no | C10: 0
A11: archprot | B11: no | C11: 0
A12: astralstorm | B12: yes | C12: 9
A13: blade_spirit | B13: yes | C13: 6
... A154: wyvernstrike | B154: yes | C154: 55

Sheet SkillLists
A1: Skill
A2: begging
A3: bowcraft
A4: itemid
A5: tailoring
A6: Parry
A7: Tactics
A8: Inscription
A9: lumberjacking
A10: tinkering
A11: fishing
A12: Poisoning
... A63: Prop

Sheet AllVariables
A1: Variable | B1: Category | C1: ObservedCount | D1: MeanOrderInTemplate | E1: PreferredCase
A2: Name | B2: TopLevel | C2: 750 | D2: 0 | E2: Name
A3: script | B3: TopLevel | C3: 750 | D3: 1 | E3: script
A4: objtype | B4: TopLevel | C4: 750 | D4: 2.01 | E4: objtype
A5: Color | B5: TopLevel | C5: 750 | D5: 3.01 | E5: Color
A6: TrueColor | B6: TopLevel | C6: 750 | D6: 4.01 | E6: TrueColor
A7: Gender | B7: TopLevel | C7: 750 | D7: 5.02 | E7: Gender
A8: STR | B8: TopLevel | C8: 750 | D8: 6.15 | E8: STR
A9: INT | B9: TopLevel | C9: 750 | D9: 7.16 | E9: INT
A10: DEX | B10: TopLevel | C10: 750 | D10: 8.13 | E10: DEX
A11: begging | B11: TopLevel | C11: 1 | D11: 9 | E11: begging
A12: bowcraft | B12: TopLevel | C12: 1 | D12: 9 | E12: bowcraft
A13: itemid | B13: TopLevel | C13: 1 | D13: 9 | E13: itemid
... A164: CProp.kappa | B164: CProp | C164: 1 | D164: 87 | E164: kappa
